{
  "project_info": {
    "project_number": "267680594267",
    "firebase_url": "https://utspabmyusuf-firebase-default-rtdb.firebaseio.com",
    "project_id": "utspabmyusuf-firebase",
    "storage_bucket": "utspabmyusuf-firebase.appspot.com"
  },
  "client": [
    {
      "client_info": {
        "mobilesdk_app_id": "1:267680594267:android:a84fc4885795299c70427e",
        "android_client_info": {
          "package_name": "com.example.utsyusufrahmana"
        }
      },
      "oauth_client": [],
      "api_key": [
        {
          "current_key": "AIzaSyARmf7IP9-E89ozu5WBWdq7qEgy9OQK8dY"
        }
      ],
      "services": {
        "appinvite_service": {
          "other_platform_oauth_client": []
        }
      }
    }
  ],
  "configuration_version": "1"
}